date,year,uv,buyer,gmv,orders,cr,day_of_week,weekday,day_type,day_binary,campaign_info,campaign_type
2021-01-01,2021,96281,3595,66052,4331,0.037,4,1,Weekday,100,non campaign,non-campaign
2021-01-02,2021,93620,3852,68483,4599,0.041,5,0,Weekend,101,non campaign,non-campaign
2021-01-03,2021,98196,4402,75556,5254,0.045,6,0,Weekend,110,non campaign,non-campaign
2021-01-04,2021,108903,4374,75432,5292,0.04,0,1,Weekday,0,non campaign,non-campaign
2021-01-05,2021,123715,4486,74678,5518,0.036,1,1,Weekday,1,non campaign,non-campaign
2021-01-06,2021,115061,4394,82776,5312,0.038,2,1,Weekday,10,non campaign,non-campaign
2021-01-07,2021,111443,4053,73398,4923,0.036,3,1,Weekday,11,non campaign,non-campaign
2021-01-08,2021,112265,4021,72310,4880,0.036,4,1,Weekday,100,non campaign,non-campaign
2021-01-09,2021,98874,3578,62262,4364,0.036,5,0,Weekend,101,non campaign,non-campaign
2021-01-10,2021,99381,4088,72506,4795,0.041,6,0,Weekend,110,non campaign,non-campaign
2021-01-11,2021,117649,4153,71561,5057,0.035,0,1,Weekday,0,non campaign,non-campaign
2021-01-12,2021,115717,4051,69164,5037,0.035,1,1,Weekday,1,non campaign,non-campaign
2021-01-13,2021,118101,4173,75280,5105,0.035,2,1,Weekday,10,non campaign,non-campaign
2021-01-14,2021,113412,3614,63144,4525,0.032,3,1,Weekday,11,non campaign,non-campaign
2021-01-15,2021,116465,3930,71202,4828,0.034,4,1,Weekday,100,non campaign,non-campaign
2021-01-16,2021,114511,3847,70823,4733,0.034,5,0,Weekend,101,non campaign,non-campaign
2021-01-17,2021,113501,4377,80220,5218,0.039,6,0,Weekend,110,non campaign,non-campaign
2021-01-18,2021,109421,4146,77422,5032,0.038,0,1,Weekday,0,non campaign,non-campaign
2021-01-19,2021,115719,4098,74221,5064,0.035,1,1,Weekday,1,non campaign,non-campaign
2021-01-20,2021,114491,4270,77102,5203,0.037,2,1,Weekday,10,non campaign,non-campaign
2021-01-21,2021,113352,4010,69458,4952,0.035,3,1,Weekday,11,erke brand day,mini
2021-01-22,2021,111555,4117,73392,4982,0.037,4,1,Weekday,100,non campaign,non-campaign
2021-01-23,2021,114968,3798,65183,4637,0.033,5,0,Weekend,101,non campaign,non-campaign
2021-01-24,2021,119452,4721,91853,5675,0.04,6,0,Weekend,110,non campaign,non-campaign
2021-01-25,2021,115380,4390,81037,5302,0.038,0,1,Weekday,0,non campaign,non-campaign
2021-01-26,2021,109458,4361,79116,5427,0.04,1,1,Weekday,1,non campaign,non-campaign
2021-01-27,2021,114753,4393,82509,5390,0.038,2,1,Weekday,10,non campaign,non-campaign
2021-01-28,2021,116480,4202,80157,5212,0.036,3,1,Weekday,11,non campaign,non-campaign
2021-01-29,2021,107749,3957,75775,4851,0.037,4,1,Weekday,100,non campaign,non-campaign
2021-01-30,2021,107489,3836,68982,4763,0.036,5,0,Weekend,101,non campaign,non-campaign
2021-01-31,2021,100321,4155,75701,5113,0.041,6,0,Weekend,110,non campaign,non-campaign
2021-02-01,2021,132247,4651,80456,5722,0.035,0,1,Weekday,0,non campaign,non-campaign
2021-02-02,2021,111791,4574,81582,5728,0.041,1,1,Weekday,1,non campaign,non-campaign
2021-02-03,2021,106154,4454,77742,5451,0.042,2,1,Weekday,10,non campaign,non-campaign
2021-02-04,2021,117742,4373,72696,5384,0.037,3,1,Weekday,11,non campaign,non-campaign
2021-02-05,2021,111527,4297,80405,5309,0.039,4,1,Weekday,100,non campaign,non-campaign
2021-02-06,2021,109683,4110,69868,5033,0.037,5,0,Weekend,101,non campaign,non-campaign
2021-02-07,2021,102511,4600,77091,5542,0.045,6,0,Weekend,110,non campaign,non-campaign
2021-02-08,2021,115484,4832,91456,5914,0.042,0,1,Weekday,0,non campaign,non-campaign
2021-02-09,2021,120565,4852,97937,6086,0.04,1,1,Weekday,1,non campaign,non-campaign
2021-02-10,2021,143240,6506,143846,8199,0.045,2,1,Weekday,10,non campaign,non-campaign
2021-02-11,2021,121132,4302,81438,5264,0.036,3,1,Weekday,11,non campaign,non-campaign
2021-02-12,2021,121577,4774,95668,5903,0.039,4,1,Weekday,100,non campaign,non-campaign
2021-02-13,2021,119111,4041,73002,4993,0.034,5,0,Weekend,101,non campaign,non-campaign
2021-02-14,2021,106469,4139,76814,5010,0.039,6,0,Weekend,110,non campaign,non-campaign
2021-02-15,2021,111333,4168,75426,5057,0.037,0,1,Weekday,0,non campaign,non-campaign
2021-02-16,2021,115281,4098,65057,4984,0.036,1,1,Weekday,1,appy '21 teasing,teasing
2021-02-17,2021,115668,4526,85100,5560,0.039,2,1,Weekday,10,appy '21 teasing,teasing
2021-02-18,2021,112657,3936,68348,4799,0.035,3,1,Weekday,11,appy '21 teasing,teasing
2021-02-19,2021,114120,4019,75855,4930,0.035,4,1,Weekday,100,appy '21 teasing,teasing
2021-02-20,2021,119096,3899,70810,4816,0.033,5,0,Weekend,101,appy '21 teasing,teasing
2021-02-21,2021,116564,4244,77821,5088,0.036,6,0,Weekend,110,appy '21 teasing,teasing
2021-02-22,2021,126821,4125,72459,5096,0.033,0,1,Weekday,0,appy '21 teasing,teasing
2021-02-23,2021,161742,6063,130697,7714,0.037,1,1,Weekday,1,appy shopping,mini
2021-02-24,2021,146942,5877,125245,7257,0.04,2,1,Weekday,10,appy shopping,mini
2021-02-25,2021,151044,5352,105823,6611,0.035,3,1,Weekday,11,appy shopping,mini
2021-02-26,2021,134026,5187,112019,6424,0.039,4,1,Weekday,100,appy shopping,mini
2021-02-27,2021,126583,5049,104959,6244,0.04,5,0,Weekend,101,appy shopping,mini
2021-02-28,2021,114339,5024,101750,6092,0.044,6,0,Weekend,110,appy shopping,mini
2021-03-01,2021,129494,5216,102864,6374,0.04,0,1,Weekday,0,appy shopping,mini
2021-03-02,2021,123755,4325,81500,5374,0.035,1,1,Weekday,1,post appy '21,mini
2021-03-03,2021,116573,4432,80285,5385,0.038,2,1,Weekday,10,post appy '21,mini
2021-03-04,2021,114975,4192,71682,5139,0.036,3,1,Weekday,11,post appy '21,mini
2021-03-05,2021,109851,4103,80580,5057,0.037,4,1,Weekday,100,post appy '21,mini
2021-03-06,2021,112472,4059,71082,4972,0.036,5,0,Weekend,101,post appy '21,mini
2021-03-07,2021,118599,4393,82771,5342,0.037,6,0,Weekend,110,post appy '21,mini
2021-03-08,2021,122932,4679,78224,5636,0.038,0,1,Weekday,0,post appy '21,mini
2021-03-09,2021,118368,4345,74117,5362,0.037,1,1,Weekday,1,non campaign,non-campaign
2021-03-10,2021,108396,4053,78258,4961,0.037,2,1,Weekday,10,non campaign,non-campaign
2021-03-11,2021,114084,3825,65368,4717,0.034,3,1,Weekday,11,non campaign,non-campaign
2021-03-12,2021,115842,4094,76316,4928,0.035,4,1,Weekday,100,non campaign,non-campaign
2021-03-13,2021,117418,4122,74709,5137,0.035,5,0,Weekend,101,non campaign,non-campaign
2021-03-14,2021,109420,4465,76160,5296,0.041,6,0,Weekend,110,non campaign,non-campaign
2021-03-15,2021,113913,4326,79270,5332,0.038,0,1,Weekday,0,non campaign,non-campaign
2021-03-16,2021,119183,4091,69020,5069,0.034,1,1,Weekday,1,non campaign,non-campaign
2021-03-17,2021,116553,4474,84873,5483,0.038,2,1,Weekday,10,non campaign,non-campaign
2021-03-18,2021,119733,4318,76204,5431,0.036,3,1,Weekday,11,non campaign,non-campaign
2021-03-19,2021,121179,4475,91886,5480,0.037,4,1,Weekday,100,non campaign,non-campaign
2021-03-20,2021,115232,3836,67585,4680,0.033,5,0,Weekend,101,non campaign,non-campaign
2021-03-21,2021,113160,4477,77049,5348,0.04,6,0,Weekend,110,non campaign,non-campaign
2021-03-22,2021,117933,4312,76286,5274,0.037,0,1,Weekday,0,non campaign,non-campaign
2021-03-23,2021,116915,4305,85952,5291,0.037,1,1,Weekday,1,non campaign,non-campaign
2021-03-24,2021,117095,4494,90196,5508,0.038,2,1,Weekday,10,non campaign,non-campaign
2021-03-25,2021,113917,4076,77389,5088,0.036,3,1,Weekday,11,non campaign,non-campaign
2021-03-26,2021,108210,4244,76108,5163,0.039,4,1,Weekday,100,non campaign,non-campaign
2021-03-27,2021,118495,3781,71608,4631,0.032,5,0,Weekend,101,non campaign,non-campaign
2021-03-28,2021,111605,3483,64825,4274,0.031,6,0,Weekend,110,non campaign,non-campaign
2021-03-29,2021,108348,4096,78460,5027,0.038,0,1,Weekday,0,non campaign,non-campaign
2021-03-30,2021,127514,4800,89667,5891,0.038,1,1,Weekday,1,non campaign,non-campaign
2021-03-31,2021,122439,4646,98550,5708,0.038,2,1,Weekday,10,non campaign,non-campaign
2021-04-01,2021,123766,4342,81344,5318,0.035,3,1,Weekday,11,non campaign,non-campaign
2021-04-02,2021,120572,4342,74625,5260,0.036,4,1,Weekday,100,non campaign,non-campaign
2021-04-03,2021,119915,3984,83952,4848,0.033,5,0,Weekend,101,non campaign,non-campaign
2021-04-04,2021,119554,4205,78475,5131,0.035,6,0,Weekend,110,nny'21 teasing,teasing
2021-04-05,2021,130971,4577,88275,5531,0.035,0,1,Weekday,0,nny'21 teasing,teasing
2021-04-06,2021,140535,4785,80341,5799,0.034,1,1,Weekday,1,nny'21 teasing,teasing
2021-04-07,2021,134859,4653,81494,5678,0.035,2,1,Weekday,10,nny'21 teasing,teasing
2021-04-08,2021,136750,4318,75215,5336,0.032,3,1,Weekday,11,nny'21 teasing,teasing
2021-04-09,2021,131056,4343,92181,5307,0.033,4,1,Weekday,100,nny'21 teasing,teasing
2021-04-10,2021,139058,4363,77692,5433,0.031,5,0,Weekend,101,nny'21 teasing,teasing
2021-04-21,2021,132711,5586,110184,6797,0.042,2,1,Weekday,10,non campaign,non-campaign
2021-04-22,2021,127956,5018,90834,6219,0.039,3,1,Weekday,11,non campaign,non-campaign
2021-04-23,2021,118282,4961,88752,6128,0.042,4,1,Weekday,100,non campaign,non-campaign
2021-04-24,2021,111524,4567,91284,5624,0.041,5,0,Weekend,101,non campaign,non-campaign
2021-04-25,2021,121727,5115,101295,6186,0.042,6,0,Weekend,110,non campaign,non-campaign
2021-04-26,2021,126947,5855,121688,7188,0.046,0,1,Weekday,0,non campaign,non-campaign
2021-06-22,2021,79290,4254,90135,5306,0.054,1,1,Weekday,1,non campaign,non-campaign
2021-06-23,2021,88787,5153,110499,6546,0.058,2,1,Weekday,10,non campaign,non-campaign
2021-06-24,2021,117495,5789,117737,7272,0.049,3,1,Weekday,11,non campaign,non-campaign
2021-06-25,2021,106592,5873,130014,7364,0.055,4,1,Weekday,100,non campaign,non-campaign
2021-06-26,2021,112999,5482,120431,6809,0.049,5,0,Weekend,101,non campaign,non-campaign
2021-06-27,2021,117445,5706,121310,7108,0.049,6,0,Weekend,110,non campaign,non-campaign
2021-06-28,2021,121979,5859,133306,7179,0.048,0,1,Weekday,0,non campaign,non-campaign
2021-06-29,2021,119212,5589,119491,6985,0.047,1,1,Weekday,1,non campaign,non-campaign
2021-06-30,2021,129046,6220,137455,7663,0.048,2,1,Weekday,10,non campaign,non-campaign
2021-07-01,2021,127974,5800,115448,7419,0.045,3,1,Weekday,11,non campaign,non-campaign
2021-07-02,2021,122451,5966,125426,7459,0.049,4,1,Weekday,100,non campaign,non-campaign
2021-07-03,2021,122258,5353,109903,6653,0.044,5,0,Weekend,101,non campaign,non-campaign
2021-07-04,2021,120425,5530,112698,6779,0.046,6,0,Weekend,110,non campaign,non-campaign
2021-07-05,2021,123937,5346,102741,6611,0.043,0,1,Weekday,0,non campaign,non-campaign
2021-07-06,2021,125927,5479,111254,6841,0.044,1,1,Weekday,1,non campaign,non-campaign
2021-07-07,2021,124686,5748,119866,7029,0.046,2,1,Weekday,10,non campaign,non-campaign
2021-07-08,2021,131615,6014,123014,7430,0.046,3,1,Weekday,11,non campaign,non-campaign
2021-07-09,2021,121709,5837,122063,7253,0.048,4,1,Weekday,100,non campaign,non-campaign
2021-07-10,2021,125075,5215,100488,6424,0.042,5,0,Weekend,101,non campaign,non-campaign
2021-07-25,2021,124994,5966,124352,7306,0.048,6,0,Weekend,110,non campaign,non-campaign
2021-07-26,2021,125638,5738,109492,7098,0.046,0,1,Weekday,0,non campaign,non-campaign
2021-07-27,2021,126394,5777,109035,7097,0.046,1,1,Weekday,1,non campaign,non-campaign
2021-07-28,2021,118909,5787,106129,7055,0.049,2,1,Weekday,10,non campaign,non-campaign
2021-07-29,2021,117384,5357,101376,6527,0.046,3,1,Weekday,11,non campaign,non-campaign
2021-07-30,2021,118713,5730,108926,6979,0.048,4,1,Weekday,100,non campaign,non-campaign
2021-07-31,2021,110169,4960,87560,6104,0.045,5,0,Weekend,101,non campaign,non-campaign
2021-08-01,2021,135428,5678,103467,6990,0.042,6,0,Weekend,110,non campaign,non-campaign
2021-08-02,2021,134424,6216,115631,7551,0.046,0,1,Weekday,0,non campaign,non-campaign
2021-08-03,2021,134378,6432,120333,7931,0.048,1,1,Weekday,1,non campaign,non-campaign
2021-08-04,2021,141925,6189,122361,7534,0.044,2,1,Weekday,10,non campaign,non-campaign
2021-08-05,2021,143423,5893,103071,7085,0.041,3,1,Weekday,11,non campaign,non-campaign
2021-08-06,2021,132361,5879,111835,7261,0.044,4,1,Weekday,100,non campaign,non-campaign
2021-08-07,2021,135115,5590,105522,6817,0.041,5,0,Weekend,101,non campaign,non-campaign
2021-08-08,2021,130893,5706,110313,6981,0.044,6,0,Weekend,110,non campaign,non-campaign
2021-08-09,2021,135915,6105,115457,7440,0.045,0,1,Weekday,0,non campaign,non-campaign
2021-08-10,2021,138949,6354,116261,7822,0.046,1,1,Weekday,1,non campaign,non-campaign
2021-08-11,2021,144017,6339,117645,7709,0.044,2,1,Weekday,10,non campaign,non-campaign
2021-08-12,2021,151469,6458,124280,7953,0.043,3,1,Weekday,11,non campaign,non-campaign
2021-08-13,2021,145425,6075,118746,7398,0.042,4,1,Weekday,100,non campaign,non-campaign
2021-08-14,2021,142042,5919,99958,7255,0.042,5,0,Weekend,101,non campaign,non-campaign
2021-08-15,2021,149435,6021,103151,7388,0.04,6,0,Weekend,110,non campaign,non-campaign
2021-08-16,2021,146736,6109,111967,7456,0.042,0,1,Weekday,0,non campaign,non-campaign
2021-08-17,2021,155270,6229,106888,7581,0.04,1,1,Weekday,1,non campaign,non-campaign
2021-08-18,2021,165315,7685,163355,9403,0.046,2,1,Weekday,10,dmall fest,mini
2021-08-19,2021,151938,6993,135838,8482,0.046,3,1,Weekday,11,dmall fest,mini
2021-08-20,2021,153981,6905,146081,8415,0.045,4,1,Weekday,100,dmall fest,mini
2021-08-21,2021,149551,6042,112939,7177,0.04,5,0,Weekend,101,dmall fest,mini
2021-08-22,2021,147945,5862,118384,7205,0.04,6,0,Weekend,110,dmall fest,mini
2021-08-23,2021,148143,6576,134210,7998,0.044,0,1,Weekday,0,dmall fest,mini
2021-08-24,2021,154099,7003,138809,8518,0.045,1,1,Weekday,1,dmall fest,mini
2021-08-25,2021,133208,6506,118914,7810,0.049,2,1,Weekday,10,non campaign,non-campaign
2021-08-26,2021,145941,6120,117576,7419,0.042,3,1,Weekday,11,non campaign,non-campaign
2021-08-27,2021,144648,6104,121432,7475,0.042,4,1,Weekday,100,non campaign,non-campaign
2021-08-28,2021,127340,5612,109915,6769,0.044,5,0,Weekend,101,non campaign,non-campaign
2021-08-29,2021,138108,5844,119490,7050,0.042,6,0,Weekend,110,non campaign,non-campaign
2021-08-30,2021,140299,6196,130828,7451,0.044,0,1,Weekday,0,non campaign,non-campaign
2021-08-31,2021,132306,5808,127386,7090,0.044,1,1,Weekday,1,non campaign,non-campaign
2021-09-01,2021,135495,6199,119239,7523,0.046,2,1,Weekday,10,non campaign,non-campaign
2021-09-02,2021,141277,5860,109504,7065,0.041,3,1,Weekday,11,non campaign,non-campaign
2021-09-03,2021,142153,6046,118590,7326,0.043,4,1,Weekday,100,non campaign,non-campaign
2021-09-04,2021,126912,5475,112800,6566,0.043,5,0,Weekend,101,non campaign,non-campaign
2021-09-05,2021,128162,5532,105572,6591,0.043,6,0,Weekend,110,non campaign,non-campaign
2021-09-06,2021,142840,6101,120582,7294,0.043,0,1,Weekday,0,non campaign,non-campaign
2021-09-07,2021,131688,5557,104095,6747,0.042,1,1,Weekday,1,non campaign,non-campaign
2021-09-08,2021,132023,5610,105106,6683,0.042,2,1,Weekday,10,non campaign,non-campaign
2021-09-09,2021,136328,5573,98784,6714,0.041,3,1,Weekday,11,non campaign,non-campaign
2021-09-10,2021,144916,7663,120005,9183,0.053,4,1,Weekday,100,non campaign,non-campaign
2021-09-11,2021,137842,5472,95297,6581,0.04,5,0,Weekend,101,non campaign,non-campaign
2021-09-12,2021,140501,5557,100506,6750,0.04,6,0,Weekend,110,non campaign,non-campaign
2021-09-13,2021,142065,5939,107015,7091,0.042,0,1,Weekday,0,non campaign,non-campaign
2021-09-14,2021,144596,5946,107959,7270,0.041,1,1,Weekday,1,non campaign,non-campaign
2021-09-15,2021,137793,5797,110290,7024,0.042,2,1,Weekday,10,non campaign,non-campaign
2021-09-16,2021,139374,5662,106240,6888,0.041,3,1,Weekday,11,non campaign,non-campaign
2021-09-17,2021,137733,5415,106378,6635,0.039,4,1,Weekday,100,non campaign,non-campaign
2021-09-18,2021,138936,5392,98741,6507,0.039,5,0,Weekend,101,non campaign,non-campaign
2021-09-19,2021,143713,5768,99158,7053,0.04,6,0,Weekend,110,dd '21 teasing,teasing
2021-09-20,2021,157695,6905,130671,8378,0.044,0,1,Weekday,0,dd '21 teasing,teasing
2021-09-21,2021,146935,6554,113122,8075,0.045,1,1,Weekday,1,dd '21 teasing,teasing
2021-09-22,2021,152191,6323,108562,7648,0.042,2,1,Weekday,10,dd '21 teasing,teasing
2021-09-23,2021,152891,6364,101138,7848,0.042,3,1,Weekday,11,dd '21 teasing,teasing
2021-09-24,2021,145073,6170,98271,7515,0.043,4,1,Weekday,100,dd '21 teasing,teasing
2021-09-25,2021,166245,6301,103496,7738,0.038,5,0,Weekend,101,dd '21 teasing,teasing
2021-10-08,2021,172905,6489,156558,7892,0.038,4,1,Weekday,100,post dashain'21,mini
2021-10-09,2021,156024,5771,107860,6998,0.037,5,0,Weekend,101,post dashain'21,mini
2021-10-10,2021,168035,5278,107798,6416,0.031,6,0,Weekend,110,post dashain'21,mini
2021-10-11,2021,149246,4916,92308,5869,0.033,0,1,Weekday,0,post dashain'21,mini
2021-10-16,2021,117676,4398,65315,5272,0.037,5,0,Weekend,101,non campaign,non-campaign
2021-10-17,2021,127573,5959,96661,7274,0.047,6,0,Weekend,110,non campaign,non-campaign
2021-10-18,2021,144116,6741,119848,8279,0.047,0,1,Weekday,0,non campaign,non-campaign
2021-10-19,2021,158565,7054,107679,8883,0.044,1,1,Weekday,1,non campaign,non-campaign
2021-10-20,2021,146168,6712,115806,8280,0.046,2,1,Weekday,10,non campaign,non-campaign
2021-10-21,2021,161873,6974,114724,8575,0.043,3,1,Weekday,11,non campaign,non-campaign
2021-10-22,2021,163923,7261,112047,8882,0.044,4,1,Weekday,100,non campaign,non-campaign
2021-10-23,2021,170108,6792,118114,8261,0.04,5,0,Weekend,101,non campaign,non-campaign
2021-10-24,2021,177061,6819,116208,8252,0.039,6,0,Weekend,110,non campaign,non-campaign
2021-10-25,2021,179076,7324,131982,8860,0.041,0,1,Weekday,0,non campaign,non-campaign
2021-10-26,2021,182660,7280,134837,8899,0.04,1,1,Weekday,1,non campaign,non-campaign
2021-10-27,2021,188606,7559,131329,9259,0.04,2,1,Weekday,10,non campaign,non-campaign
2021-10-28,2021,185965,7309,133417,8862,0.039,3,1,Weekday,11,11.11 discovery,mini
2021-10-29,2021,181554,7085,130448,8630,0.039,4,1,Weekday,100,11.11 discovery,mini
2021-10-30,2021,171512,6367,115459,7789,0.037,5,0,Weekend,101,11.11 discovery,mini
2021-10-31,2021,161010,6636,124434,8072,0.041,6,0,Weekend,110,11.11 discovery,mini
2021-11-01,2021,186083,6916,114147,8249,0.037,0,1,Weekday,0,11.11 teasing,teasing
2021-11-02,2021,188540,5684,89447,6922,0.03,1,1,Weekday,1,11.11 teasing,teasing
2021-11-03,2021,189000,5186,87930,6265,0.027,2,1,Weekday,10,11.11 teasing,teasing
2021-11-04,2021,145888,3843,66446,4628,0.026,3,1,Weekday,11,11.11 teasing,teasing
2021-11-05,2021,162764,3971,57180,4698,0.024,4,1,Weekday,100,11.11 teasing,teasing
2021-11-06,2021,140051,3105,42574,3718,0.022,5,0,Weekend,101,11.11 teasing,teasing
2021-11-07,2021,179649,5342,88602,6529,0.03,6,0,Weekend,110,11.11 teasing,teasing
2021-11-08,2021,203824,6650,101729,7975,0.033,0,1,Weekday,0,11.11 teasing,teasing
2021-11-09,2021,208842,6725,99211,8223,0.032,1,1,Weekday,1,11.11 teasing,teasing
2021-11-10,2021,247299,7594,113840,9268,0.031,2,1,Weekday,10,11.11 teasing,teasing
2021-11-20,2021,151628,5770,100676,6984,0.038,5,0,Weekend,101,post 11.11,mini
2021-11-21,2021,155606,5826,98439,7136,0.037,6,0,Weekend,110,post 11.11,mini
2021-11-22,2021,159096,6367,103461,7673,0.04,0,1,Weekday,0,post 11.11,mini
2021-11-23,2021,150036,5712,87949,7017,0.038,1,1,Weekday,1,post 11.11,mini
2021-11-24,2021,149234,6999,100918,8277,0.047,2,1,Weekday,10,post 11.11,mini
2021-11-25,2021,150127,6616,97649,7755,0.044,3,1,Weekday,11,post 11.11,mini
2021-11-26,2021,165870,7906,137721,9283,0.048,4,1,Weekday,100,b-friday '21,mini
2021-11-27,2021,151224,7718,107554,8905,0.051,5,0,Weekend,101,b-friday '21,mini
2021-11-28,2021,137930,6292,107488,7445,0.046,6,0,Weekend,110,b-friday '21,mini
2021-11-29,2021,145330,7867,112561,9066,0.054,0,1,Weekday,0,b-friday '21,mini
2021-11-30,2021,135797,6450,98453,7615,0.047,1,1,Weekday,1,post 11.11,mini
2021-12-01,2021,156978,5786,98380,6915,0.037,2,1,Weekday,10,12.12 '21 teasing,teasing
2021-12-02,2021,156520,5571,96996,6761,0.036,3,1,Weekday,11,12.12 '21 teasing,teasing
2021-12-03,2021,153914,5576,94408,6664,0.036,4,1,Weekday,100,12.12 '21 teasing,teasing
2021-12-04,2021,156071,5107,85249,6095,0.033,5,0,Weekend,101,12.12 '21 teasing,teasing
2021-12-05,2021,151434,5339,87787,6533,0.035,6,0,Weekend,110,12.12 '21 teasing,teasing
2021-12-06,2021,154709,5889,98361,6958,0.038,0,1,Weekday,0,12.12 '21 teasing,teasing
2021-12-07,2021,157394,5067,83126,6049,0.032,1,1,Weekday,1,12.12 '21 teasing,teasing
2021-12-08,2021,161569,5339,90502,6302,0.033,2,1,Weekday,10,12.12 '21 teasing,teasing
2021-12-09,2021,156605,5112,90262,6132,0.033,3,1,Weekday,11,12.12 '21 teasing,teasing
2021-12-10,2021,171995,4728,72721,5689,0.027,4,1,Weekday,100,12.12 '21 teasing,teasing
2021-12-11,2021,180998,4993,80964,6101,0.028,5,0,Weekend,101,12.12 '21 teasing,teasing
2021-12-19,2021,142115,5917,109959,7133,0.042,6,0,Weekend,110,post 12.12 '21,mini
2021-12-20,2021,147140,6346,99628,7597,0.043,0,1,Weekday,0,post 12.12 '21,mini
2021-12-21,2021,151747,7418,110361,8848,0.049,1,1,Weekday,1,post 12.12 '21,mini
2021-12-22,2021,145422,7848,104970,9153,0.054,2,1,Weekday,10,post 12.12 '21,mini
2021-12-23,2021,150505,6868,98219,8143,0.046,3,1,Weekday,11,post 12.12 '21,mini
2021-12-24,2021,144618,5683,91592,6811,0.039,4,1,Weekday,100,post 12.12 '21,mini
2021-12-25,2021,141398,5588,90146,6772,0.04,5,0,Weekend,101,post 12.12 '21,mini
2021-12-26,2021,151194,5948,99250,7028,0.039,6,0,Weekend,110,post 12.12 '21,mini
2021-12-27,2021,142066,6610,107803,7792,0.047,0,1,Weekday,0,post 12.12 '21,mini
2021-12-28,2021,151472,6383,101505,7744,0.042,1,1,Weekday,1,post 12.12 '21,mini
2021-12-29,2021,160015,6588,112929,7963,0.041,2,1,Weekday,10,post 12.12 '21,mini
2021-12-30,2021,170728,7518,123620,9084,0.044,3,1,Weekday,11,post 12.12 '21,mini
2021-12-31,2021,148351,5770,101806,6901,0.039,4,1,Weekday,100,post 12.12 '21,mini
2022-01-01,2022,147497,5050,87135,6128,0.034,5,0,Weekend,101,non campaign,non-campaign
2022-01-02,2022,147341,5840,102292,6955,0.04,6,0,Weekend,110,non campaign,non-campaign
2022-01-03,2022,150316,6477,106542,7670,0.043,0,1,Weekday,0,non campaign,non-campaign
2022-01-04,2022,154266,6252,95768,7460,0.041,1,1,Weekday,1,non campaign,non-campaign
2022-01-05,2022,153302,6426,105086,7762,0.042,2,1,Weekday,10,non campaign,non-campaign
2022-01-06,2022,167917,6440,93737,7722,0.038,3,1,Weekday,11,non campaign,non-campaign
2022-01-07,2022,157456,5881,93863,7143,0.037,4,1,Weekday,100,non campaign,non-campaign
2022-01-08,2022,153637,5554,87005,6717,0.036,5,0,Weekend,101,non campaign,non-campaign
2022-01-09,2022,150943,5896,104867,7202,0.039,6,0,Weekend,110,non campaign,non-campaign
2022-01-10,2022,155270,6297,110022,7612,0.041,0,1,Weekday,0,non campaign,non-campaign
2022-01-11,2022,151514,6122,101280,7433,0.04,1,1,Weekday,1,non campaign,non-campaign
2022-01-12,2022,153120,6452,115617,7858,0.042,2,1,Weekday,10,non campaign,non-campaign
2022-01-13,2022,144185,5709,99596,6964,0.04,3,1,Weekday,11,non campaign,non-campaign
2022-01-14,2022,143815,5817,103522,6913,0.04,4,1,Weekday,100,non campaign,non-campaign
2022-01-15,2022,138845,4846,83454,5787,0.035,5,0,Weekend,101,non campaign,non-campaign
2022-01-16,2022,156138,5792,94498,6969,0.037,6,0,Weekend,110,non campaign,non-campaign
2022-01-17,2022,183970,7314,144661,8851,0.04,0,1,Weekday,0,rebranding,mini
2022-01-18,2022,200661,7145,153913,8514,0.036,1,1,Weekday,1,rebranding,mini
2022-01-19,2022,188581,7590,170851,9269,0.04,2,1,Weekday,10,rebranding,mini
2022-01-20,2022,184940,7407,158489,9016,0.04,3,1,Weekday,11,rebranding,mini
2022-01-21,2022,173905,6571,124109,7851,0.038,4,1,Weekday,100,rebranding,mini
2022-01-22,2022,166333,6272,112490,7624,0.038,5,0,Weekend,101,rebranding,mini
2022-01-23,2022,167823,6673,128724,8099,0.04,6,0,Weekend,110,rebranding,mini
2022-01-24,2022,166912,6970,126613,8412,0.042,0,1,Weekday,0,rebranding,mini
2022-01-25,2022,166051,7243,145463,8961,0.044,1,1,Weekday,1,rebranding,mini
2022-01-26,2022,162051,6679,123002,8112,0.041,2,1,Weekday,10,non campaign,non-campaign
2022-01-27,2022,152100,6283,107273,7555,0.041,3,1,Weekday,11,non campaign,non-campaign
2022-01-28,2022,172649,6822,135111,8283,0.04,4,1,Weekday,100,non campaign,non-campaign
2022-01-29,2022,151621,5817,96027,7091,0.038,5,0,Weekend,101,non campaign,non-campaign
2022-01-30,2022,157953,6240,99758,7529,0.04,6,0,Weekend,110,non campaign,non-campaign
2022-01-31,2022,156780,6442,105503,7816,0.041,0,1,Weekday,0,non campaign,non-campaign
2022-02-01,2022,157706,6178,104627,7603,0.039,1,1,Weekday,1,v-week teasing,teasing
2022-02-02,2022,166131,6485,113800,7866,0.039,2,1,Weekday,10,v-week teasing,teasing
2022-02-03,2022,158458,5857,98709,7118,0.037,3,1,Weekday,11,v-week teasing,teasing
2022-02-04,2022,189395,9015,227208,11153,0.048,4,1,Weekday,100,v-week live,mini
2022-02-05,2022,174120,7227,184515,8809,0.042,5,0,Weekend,101,v-week live,mini
2022-02-06,2022,173819,7494,166454,9006,0.043,6,0,Weekend,110,v-week live,mini
2022-02-07,2022,170021,7563,154966,9241,0.044,0,1,Weekday,0,v-week live,mini
2022-02-08,2022,174379,8030,187145,9791,0.046,1,1,Weekday,1,v-week live,mini
2022-02-09,2022,173723,8146,190239,9962,0.047,2,1,Weekday,10,v-week live,mini
2022-02-10,2022,167483,7676,175447,9388,0.046,3,1,Weekday,11,v-week live,mini
2022-02-11,2022,182890,7348,168122,8971,0.04,4,1,Weekday,100,v-week live,mini
2022-02-12,2022,162001,6391,121628,7700,0.039,5,0,Weekend,101,v-week live,mini
2022-02-13,2022,157902,7000,162295,8518,0.044,6,0,Weekend,110,v-week live,mini
2022-02-14,2022,158587,7099,169678,8543,0.045,0,1,Weekday,0,v-week live,mini
2022-02-15,2022,145459,5938,111625,7199,0.041,1,1,Weekday,1,feb'22 non cp,non-campaign
2022-02-16,2022,148339,6190,104542,7625,0.042,2,1,Weekday,10,feb'22 non cp,non-campaign
2022-02-17,2022,141108,5735,94584,6934,0.041,3,1,Weekday,11,feb'22 non cp,non-campaign
2022-02-18,2022,137331,5342,85886,6385,0.039,4,1,Weekday,100,feb'22 non cp,non-campaign
2022-02-19,2022,139791,5324,81750,6370,0.038,5,0,Weekend,101,feb'22 non cp,non-campaign
2022-02-20,2022,133262,5402,84791,6588,0.041,6,0,Weekend,110,feb'22 non cp,non-campaign
2022-02-21,2022,141951,5802,88339,6960,0.041,0,1,Weekday,0,feb'22 non cp,non-campaign
2022-02-22,2022,150857,5983,92334,7253,0.04,1,1,Weekday,1,feb'22 non cp,non-campaign
2022-02-23,2022,143213,6338,103687,7592,0.044,2,1,Weekday,10,feb'22 non cp,non-campaign
2022-02-24,2022,132474,5762,96616,6919,0.043,3,1,Weekday,11,feb'22 non cp,non-campaign
2022-02-25,2022,133105,5448,95000,6552,0.041,4,1,Weekday,100,feb'22 non cp,non-campaign
2022-02-26,2022,134515,5037,83271,6128,0.037,5,0,Weekend,101,feb'22 non cp,non-campaign
2022-02-27,2022,131566,5413,85313,6400,0.041,6,0,Weekend,110,feb'22 non cp,non-campaign
2022-02-28,2022,145392,5834,87191,7061,0.04,0,1,Weekday,0,feb'22 non cp,non-campaign
2022-03-01,2022,142643,5213,78285,6365,0.037,1,1,Weekday,1,non campaign,non-campaign
2022-03-02,2022,147580,5842,97108,7061,0.04,2,1,Weekday,10,non campaign,non-campaign
2022-03-03,2022,148641,5876,89881,7234,0.04,3,1,Weekday,11,non campaign,non-campaign
2022-03-04,2022,143953,5455,85552,6572,0.038,4,1,Weekday,100,non campaign,non-campaign
2022-03-05,2022,145027,5529,87928,6726,0.038,5,0,Weekend,101,non campaign,non-campaign
2022-03-06,2022,133074,5701,93727,6801,0.043,6,0,Weekend,110,non campaign,non-campaign
2022-03-07,2022,148526,5737,86020,6929,0.039,0,1,Weekday,0,non campaign,non-campaign
2022-03-08,2022,143658,6222,93778,7541,0.043,1,1,Weekday,1,non campaign,non-campaign
2022-03-09,2022,148393,5972,92666,7211,0.04,2,1,Weekday,10,non campaign,non-campaign
2022-03-10,2022,153278,6313,106401,7672,0.041,3,1,Weekday,11,lotto brand day,mini
2022-03-11,2022,144159,5794,88773,7031,0.04,4,1,Weekday,100,non campaign,non-campaign
2022-03-12,2022,149455,5783,85953,7054,0.039,5,0,Weekend,101,non campaign,non-campaign
2022-03-13,2022,146381,6033,98162,7347,0.041,6,0,Weekend,110,non campaign,non-campaign
2022-03-14,2022,152253,6195,101153,7600,0.041,0,1,Weekday,0,non campaign,non-campaign
2022-03-15,2022,150226,5880,96642,7222,0.039,1,1,Weekday,1,non campaign,non-campaign
2022-03-16,2022,145836,5660,102428,6864,0.039,2,1,Weekday,10,fantech brand day,mini
2022-03-17,2022,140068,4886,83610,5944,0.035,3,1,Weekday,11,holi holiday,mini
2022-03-18,2022,137524,5102,95268,6214,0.037,4,1,Weekday,100,non campaign,non-campaign
2022-03-19,2022,147103,5504,99919,6676,0.037,5,0,Weekend,101,non campaign,non-campaign
2022-03-20,2022,159207,5921,93631,7122,0.037,6,0,Weekend,110,non campaign,non-campaign
2022-03-21,2022,145227,6050,99781,7374,0.042,0,1,Weekday,0,non campaign,non-campaign
2022-03-22,2022,147496,6019,91957,7376,0.041,1,1,Weekday,1,non campaign,non-campaign
2022-03-23,2022,145367,5946,90957,7198,0.041,2,1,Weekday,10,non campaign,non-campaign
2022-03-24,2022,142108,5651,94288,6891,0.04,3,1,Weekday,11,non campaign,non-campaign
2022-03-25,2022,142097,5472,84291,6591,0.039,4,1,Weekday,100,non campaign,non-campaign
2022-03-26,2022,137311,5131,81564,6285,0.037,5,0,Weekend,101,non campaign,non-campaign
2022-03-27,2022,135848,5669,88307,6853,0.042,6,0,Weekend,110,non campaign,non-campaign
2022-03-28,2022,141518,5521,87530,6693,0.039,0,1,Weekday,0,non campaign,non-campaign
2022-03-29,2022,141052,5668,89944,6933,0.04,1,1,Weekday,1,non campaign,non-campaign
2022-03-30,2022,143012,5691,93992,6930,0.04,2,1,Weekday,10,non campaign,non-campaign
2022-03-31,2022,140220,5368,88043,6469,0.038,3,1,Weekday,11,non campaign,non-campaign
2022-04-01,2022,148289,5655,96692,7009,0.038,4,1,Weekday,100,non campaign,non-campaign
2022-04-02,2022,148202,5370,85225,6464,0.036,5,0,Weekend,101,non campaign,non-campaign
2022-04-03,2022,146477,5835,91555,7096,0.04,6,0,Weekend,110,non campaign,non-campaign
2022-04-04,2022,156209,5835,95616,7134,0.037,0,1,Weekday,0,nny teasing,teasing
2022-04-05,2022,159678,5899,93672,7248,0.037,1,1,Weekday,1,nny teasing,teasing
2022-04-06,2022,152157,5736,96118,6986,0.038,2,1,Weekday,10,nny teasing,teasing
2022-04-07,2022,166065,5549,85161,6688,0.033,3,1,Weekday,11,nny teasing,teasing
2022-04-08,2022,159841,5355,83175,6384,0.034,4,1,Weekday,100,nny teasing,teasing
2022-04-09,2022,166831,5114,76231,6201,0.031,5,0,Weekend,101,nny teasing,teasing
2022-04-10,2022,187110,6027,93693,7398,0.032,6,0,Weekend,110,nny teasing,teasing
2022-04-21,2022,156263,6026,134710,7308,0.039,3,1,Weekday,11,non campaign,non-campaign
2022-04-22,2022,149456,5661,101424,6803,0.038,4,1,Weekday,100,non campaign,non-campaign
2022-04-23,2022,150421,5628,93755,6854,0.037,5,0,Weekend,101,non campaign,non-campaign
2022-04-24,2022,143323,6050,93559,7197,0.042,6,0,Weekend,110,non campaign,non-campaign
2022-04-25,2022,140127,5985,100371,7300,0.043,0,1,Weekday,0,non campaign,non-campaign
2022-04-26,2022,147155,6033,102264,7307,0.041,1,1,Weekday,1,non campaign,non-campaign
2022-04-27,2022,144531,6024,100058,7248,0.042,2,1,Weekday,10,non campaign,non-campaign
2022-04-28,2022,145949,6122,103975,7428,0.042,3,1,Weekday,11,rohto brand day,mini
2022-04-29,2022,144947,5152,96764,6277,0.036,4,1,Weekday,100,non campaign,non-campaign
2022-04-30,2022,137407,4621,75566,5563,0.034,5,0,Weekend,101,non campaign,non-campaign
2022-05-01,2022,139286,5497,90700,6510,0.039,6,0,Weekend,110,non campaign,non-campaign
2022-05-02,2022,151354,5384,90373,6429,0.036,0,1,Weekday,0,non campaign,non-campaign
2022-05-03,2022,148052,5624,94601,6744,0.038,1,1,Weekday,1,non campaign,non-campaign
2022-05-04,2022,142135,5503,90980,6569,0.039,2,1,Weekday,10,non campaign,non-campaign
2022-05-05,2022,140468,5258,84138,6345,0.037,3,1,Weekday,11,non campaign,non-campaign
2022-05-06,2022,141182,5220,85338,6281,0.037,4,1,Weekday,100,non campaign,non-campaign
2022-05-07,2022,142695,4957,76635,5936,0.035,5,0,Weekend,101,non campaign,non-campaign
2022-05-08,2022,133254,5456,99883,6463,0.041,6,0,Weekend,110,non campaign,non-campaign
2022-05-09,2022,144980,5444,85738,6496,0.038,0,1,Weekday,0,non campaign,non-campaign
2022-05-10,2022,149207,5265,86839,6336,0.035,1,1,Weekday,1,non campaign,non-campaign
2022-05-11,2022,145682,5596,94370,6754,0.038,2,1,Weekday,10,non campaign,non-campaign
2022-05-12,2022,144408,5244,81885,6408,0.036,3,1,Weekday,11,election,mini
2022-05-13,2022,134439,4423,63064,5296,0.033,4,1,Weekday,100,election,mini
2022-05-14,2022,141362,5259,91065,6283,0.037,5,0,Weekend,101,election,mini
2022-05-15,2022,150365,5589,89813,6796,0.037,6,0,Weekend,110,non campaign,non-campaign
2022-05-16,2022,148605,5499,88985,6699,0.037,0,1,Weekday,0,buddha jayanti,mini
2022-05-17,2022,136287,5361,88788,6408,0.039,1,1,Weekday,1,non campaign,non-campaign
2022-05-18,2022,135823,5608,92627,6672,0.041,2,1,Weekday,10,non campaign,non-campaign
2022-05-19,2022,131511,5341,94147,6379,0.041,3,1,Weekday,11,non campaign,non-campaign
2022-05-20,2022,131316,5151,96820,6156,0.039,4,1,Weekday,100,non campaign,non-campaign
2022-05-21,2022,133437,4921,85072,5919,0.037,5,0,Weekend,101,non campaign,non-campaign
2022-05-22,2022,138443,5361,90397,6480,0.039,6,0,Weekend,110,non campaign,non-campaign
2022-05-23,2022,133445,5520,104943,6640,0.041,0,1,Weekday,0,non campaign,non-campaign
2022-05-24,2022,144478,5611,96180,6765,0.039,1,1,Weekday,1,non campaign,non-campaign
2022-05-25,2022,147292,5915,112055,7026,0.04,2,1,Weekday,10,non campaign,non-campaign
2022-05-26,2022,145029,5513,108115,6472,0.038,3,1,Weekday,11,non campaign,non-campaign
2022-05-27,2022,136413,5040,102580,5970,0.037,4,1,Weekday,100,non campaign,non-campaign
2022-05-28,2022,137545,4932,90098,5844,0.036,5,0,Weekend,101,non campaign,non-campaign
2022-05-29,2022,145023,5345,106364,6419,0.037,6,0,Weekend,110,non campaign,non-campaign
2022-05-30,2022,136855,5098,111176,6263,0.037,0,1,Weekday,0,non campaign,non-campaign
2022-05-31,2022,135124,5325,108352,6344,0.039,1,1,Weekday,1,non campaign,non-campaign
2022-06-01,2022,133398,5193,94404,6213,0.039,2,1,Weekday,10,non campaign,non-campaign
2022-06-02,2022,138840,5311,90068,6360,0.038,3,1,Weekday,11,non campaign,non-campaign
2022-06-03,2022,138581,5006,84291,5950,0.036,4,1,Weekday,100,non campaign,non-campaign
2022-06-04,2022,142445,5398,89222,6418,0.038,5,0,Weekend,101,non campaign,non-campaign
2022-06-05,2022,145536,6266,92699,7326,0.043,6,0,Weekend,110,non campaign,non-campaign
2022-06-06,2022,137068,5463,87978,6609,0.04,0,1,Weekday,0,non campaign,non-campaign
2022-06-07,2022,141083,5571,97291,6723,0.039,1,1,Weekday,1,non campaign,non-campaign
2022-06-08,2022,142247,5776,90832,6873,0.041,2,1,Weekday,10,non campaign,non-campaign
2022-06-09,2022,143116,5515,83305,6652,0.039,3,1,Weekday,11,non campaign,non-campaign
2022-06-10,2022,142501,5174,77806,6192,0.036,4,1,Weekday,100,non campaign,non-campaign
2022-06-11,2022,151115,5260,76822,6258,0.035,5,0,Weekend,101,non campaign,non-campaign
2022-06-12,2022,167524,6306,84104,7424,0.038,6,0,Weekend,110,non campaign,non-campaign
2022-06-13,2022,167384,8016,148244,9681,0.048,0,1,Weekday,0,pay day campaign,mini
2022-06-14,2022,162070,7427,117107,8860,0.046,1,1,Weekday,1,pay day campaign,mini
2022-06-15,2022,163012,6876,130539,8208,0.042,2,1,Weekday,10,pay day campaign,mini
2022-06-16,2022,159205,6425,116761,7736,0.04,3,1,Weekday,11,pay day campaign,mini
2022-06-17,2022,161169,6455,117144,7769,0.04,4,1,Weekday,100,pay day campaign,mini
2022-06-18,2022,161460,6889,117032,8214,0.043,5,0,Weekend,101,pay day campaign,mini
2022-06-19,2022,161178,7163,122706,8554,0.044,6,0,Weekend,110,pay day campaign,mini
2022-06-20,2022,153427,5608,95456,6644,0.037,0,1,Weekday,0,non campaign,non-campaign
2022-06-21,2022,159910,6001,95731,7114,0.038,1,1,Weekday,1,non campaign,non-campaign
2022-06-22,2022,153099,6108,104535,7256,0.04,2,1,Weekday,10,non campaign,non-campaign
2022-06-23,2022,153234,5949,93481,7103,0.039,3,1,Weekday,11,non campaign,non-campaign
2022-06-24,2022,154110,5742,94732,6882,0.037,4,1,Weekday,100,non campaign,non-campaign
2022-06-25,2022,153089,5449,91915,6556,0.036,5,0,Weekend,101,non campaign,non-campaign
2022-06-26,2022,154825,6466,102763,7670,0.042,6,0,Weekend,110,non campaign,non-campaign
2022-06-27,2022,154356,6151,94617,7450,0.04,0,1,Weekday,0,non campaign,non-campaign
2022-06-28,2022,150124,6257,103748,7589,0.042,1,1,Weekday,1,non campaign,non-campaign
2022-06-29,2022,155941,6563,104426,7913,0.042,2,1,Weekday,10,non campaign,non-campaign
2022-06-30,2022,157163,6153,97662,7366,0.039,3,1,Weekday,11,non campaign,non-campaign
2022-07-01,2022,148863,5624,87993,6784,0.038,4,1,Weekday,100,non campaign,non-campaign
2022-07-02,2022,148811,5511,86387,6645,0.037,5,0,Weekend,101,non campaign,non-campaign
2022-07-03,2022,144722,6287,100977,7468,0.043,6,0,Weekend,110,non campaign,non-campaign
2022-07-04,2022,154384,5885,95127,7077,0.038,0,1,Weekday,0,non campaign,non-campaign
2022-07-05,2022,159226,6317,94382,7644,0.04,1,1,Weekday,1,non campaign,non-campaign
2022-07-06,2022,151104,6008,96902,7353,0.04,2,1,Weekday,10,non campaign,non-campaign
2022-07-07,2022,148694,5940,94888,7241,0.04,3,1,Weekday,11,non campaign,non-campaign
2022-07-08,2022,151375,5569,85584,6663,0.037,4,1,Weekday,100,non campaign,non-campaign
2022-07-09,2022,164634,6130,88670,7407,0.037,5,0,Weekend,101,non campaign,non-campaign
2022-07-10,2022,165236,6722,97454,8063,0.041,6,0,Weekend,110,non campaign,non-campaign
2022-07-11,2022,174044,6922,111437,8318,0.04,0,1,Weekday,0,asar ko bahar cp,mini
2022-07-12,2022,167646,7066,118778,8671,0.042,1,1,Weekday,1,asar ko bahar cp,mini
2022-07-13,2022,163575,6785,115480,8248,0.041,2,1,Weekday,10,asar ko bahar cp,mini
2022-07-14,2022,165522,6912,119192,8530,0.042,3,1,Weekday,11,asar ko bahar cp,mini
2022-07-15,2022,162253,6483,111834,7807,0.04,4,1,Weekday,100,asar ko bahar cp,mini
2022-07-16,2022,167696,6362,105593,7730,0.038,5,0,Weekend,101,asar ko bahar cp,mini
2022-07-17,2022,172910,6009,97526,7164,0.035,6,0,Weekend,110,mbb teasing,teasing
2022-07-18,2022,170788,6037,97654,7294,0.035,0,1,Weekday,0,mbb teasing,teasing
2022-07-19,2022,166804,5833,83011,7019,0.035,1,1,Weekday,1,mbb teasing,teasing
2022-07-20,2022,171925,5853,84629,7074,0.034,2,1,Weekday,10,mbb teasing,teasing
2022-07-21,2022,169265,5696,81368,6795,0.034,3,1,Weekday,11,mbb teasing,teasing
2022-07-22,2022,170669,5515,85566,6670,0.032,4,1,Weekday,100,mbb teasing,teasing
2022-07-23,2022,181888,5616,77143,6782,0.031,5,0,Weekend,101,mbb teasing,teasing
2022-08-01,2022,167267,6059,127681,7361,0.036,0,1,Weekday,0,non campaign,non-campaign
2022-08-02,2022,170098,6414,99986,7791,0.038,1,1,Weekday,1,non campaign,non-campaign
2022-08-03,2022,175520,6151,91966,7354,0.035,2,1,Weekday,10,non campaign,non-campaign
2022-08-04,2022,176720,6266,99419,7497,0.035,3,1,Weekday,11,non campaign,non-campaign
2022-08-05,2022,166530,5943,88272,7209,0.036,4,1,Weekday,100,non campaign,non-campaign
2022-08-06,2022,165015,5612,77699,6759,0.034,5,0,Weekend,101,non campaign,non-campaign
2022-08-07,2022,164444,6541,104608,7846,0.04,6,0,Weekend,110,non campaign,non-campaign
2022-08-08,2022,166747,6299,91949,7672,0.038,0,1,Weekday,0,non campaign,non-campaign
2022-08-09,2022,174666,6714,101541,8165,0.038,1,1,Weekday,1,non campaign,non-campaign
2022-08-10,2022,167615,6582,98928,8000,0.039,2,1,Weekday,10,non campaign,non-campaign
2022-08-11,2022,166609,5987,88910,7188,0.036,3,1,Weekday,11,non campaign,non-campaign
2022-08-12,2022,163399,5454,79071,6492,0.033,4,1,Weekday,100,non campaign,non-campaign
2022-08-13,2022,164450,5531,76202,6677,0.034,5,0,Weekend,101,non campaign,non-campaign
2022-08-14,2022,164037,6441,88220,7596,0.039,6,0,Weekend,110,non campaign,non-campaign
2022-08-15,2022,189856,7207,148215,8794,0.038,0,1,Weekday,0,dmall fest,mini
2022-08-16,2022,171048,6992,127272,8364,0.041,1,1,Weekday,1,dmall fest,mini
2022-08-17,2022,171351,7039,131386,8500,0.041,2,1,Weekday,10,dmall fest,mini
2022-08-18,2022,163167,6259,117956,7521,0.038,3,1,Weekday,11,dmall fest,mini
2022-08-19,2022,170939,6244,117553,7518,0.037,4,1,Weekday,100,dmall fest,mini
2022-08-20,2022,168412,6143,110981,7405,0.036,5,0,Weekend,101,dmall fest,mini
2022-08-21,2022,173402,6606,123117,7881,0.038,6,0,Weekend,110,dmall fest,mini
2022-08-22,2022,163983,6453,105619,7800,0.039,0,1,Weekday,0,non campaign,non-campaign
2022-08-23,2022,181223,7007,104978,8561,0.039,1,1,Weekday,1,non campaign,non-campaign
2022-08-24,2022,154696,6533,108120,7841,0.042,2,1,Weekday,10,non campaign,non-campaign
2022-08-25,2022,156847,6001,99727,7177,0.038,3,1,Weekday,11,non campaign,non-campaign
2022-08-26,2022,152344,5574,90973,6657,0.037,4,1,Weekday,100,non campaign,non-campaign
2022-08-27,2022,157123,5372,86268,6387,0.034,5,0,Weekend,101,non campaign,non-campaign
2022-08-28,2022,143908,6097,97430,7242,0.042,6,0,Weekend,110,non campaign,non-campaign
2022-08-29,2022,153736,5505,88077,6596,0.036,0,1,Weekday,0,non campaign,non-campaign
2022-08-30,2022,160132,5880,88093,7050,0.037,1,1,Weekday,1,non campaign,non-campaign
2022-08-31,2022,154122,6104,91249,7284,0.04,2,1,Weekday,10,non campaign,non-campaign
2022-09-01,2022,143673,5861,87766,7173,0.041,3,1,Weekday,11,non campaign,non-campaign
2022-09-02,2022,138422,5478,79640,6655,0.04,4,1,Weekday,100,non campaign,non-campaign
2022-09-03,2022,156214,5202,67293,6251,0.033,5,0,Weekend,101,non campaign,non-campaign
2022-09-04,2022,133143,5875,87094,6985,0.044,6,0,Weekend,110,non campaign,non-campaign
2022-09-05,2022,154583,5495,84067,6578,0.036,0,1,Weekday,0,non campaign,non-campaign
2022-09-06,2022,161156,6559,110146,8002,0.041,1,1,Weekday,1,non campaign,non-campaign
2022-09-07,2022,173333,6137,88217,7481,0.035,2,1,Weekday,10,dd teasing,teasing
2022-09-08,2022,187892,5749,81164,7054,0.031,3,1,Weekday,11,dd teasing,teasing
2022-09-09,2022,178036,5147,74142,6182,0.029,4,1,Weekday,100,dd teasing,teasing
2022-09-10,2022,188117,5194,70056,6294,0.028,5,0,Weekend,101,dd teasing,teasing
2022-09-11,2022,174898,5928,85945,7116,0.034,6,0,Weekend,110,dd teasing,teasing
2022-09-12,2022,186870,5658,80607,7012,0.03,0,1,Weekday,0,dd teasing,teasing
2022-09-13,2022,201530,6477,95134,7877,0.032,1,1,Weekday,1,dd teasing,teasing
2022-09-27,2022,230832,8698,190654,10822,0.038,1,1,Weekday,1,non campaign,non-campaign
2022-09-28,2022,210714,7763,138715,9486,0.037,2,1,Weekday,10,non campaign,non-campaign
2022-09-29,2022,191052,6188,93780,7605,0.032,3,1,Weekday,11,non campaign,non-campaign
2022-09-30,2022,178542,4897,74086,5961,0.027,4,1,Weekday,100,non campaign,non-campaign
2022-10-01,2022,174986,4419,62472,5460,0.025,5,0,Weekend,101,non campaign,non-campaign
2022-10-08,2022,152692,5741,89102,7063,0.038,5,0,Weekend,101,non campaign,non-campaign
2022-10-09,2022,159439,7217,112493,8878,0.045,6,0,Weekend,110,non campaign,non-campaign
2022-10-10,2022,194889,8366,117936,10120,0.043,0,1,Weekday,0,non campaign,non-campaign
2022-10-11,2022,210915,8810,130503,10750,0.042,1,1,Weekday,1,non campaign,non-campaign
2022-10-12,2022,194402,8585,121134,10411,0.044,2,1,Weekday,10,non campaign,non-campaign
2022-10-13,2022,195770,7998,117694,9773,0.041,3,1,Weekday,11,non campaign,non-campaign
2022-10-14,2022,192302,7396,105581,9057,0.038,4,1,Weekday,100,non campaign,non-campaign
2022-10-15,2022,189583,7152,108016,8778,0.038,5,0,Weekend,101,non campaign,non-campaign
2022-10-16,2022,194873,8559,125069,10422,0.044,6,0,Weekend,110,non campaign,non-campaign
2022-10-17,2022,180930,7803,117341,9538,0.043,0,1,Weekday,0,non campaign,non-campaign
2022-10-18,2022,203034,8428,122970,10272,0.042,1,1,Weekday,1,non campaign,non-campaign
2022-10-19,2022,189088,8543,125523,10422,0.045,2,1,Weekday,10,non campaign,non-campaign
2022-10-20,2022,187668,7804,109668,9467,0.042,3,1,Weekday,11,non campaign,non-campaign
2022-10-21,2022,186370,6786,101292,8245,0.036,4,1,Weekday,100,non campaign,non-campaign
2022-10-22,2022,179348,5865,82492,6991,0.033,5,0,Weekend,101,non campaign,non-campaign
2022-10-28,2022,179190,5833,98207,7151,0.033,4,1,Weekday,100,non campaign,non-campaign
2022-10-29,2022,193823,6449,93214,7804,0.033,5,0,Weekend,101,11.11 discovery'22,mini
2022-10-30,2022,198265,6931,98275,8338,0.035,6,0,Weekend,110,11.11 discovery'22,mini
2022-10-31,2022,206241,6990,99470,8440,0.034,0,1,Weekday,0,11.11 discovery'22,mini
2022-11-01,2022,227168,8028,116339,9690,0.035,1,1,Weekday,1,11.11 teasing'22,teasing
2022-11-02,2022,218445,7939,117863,9681,0.036,2,1,Weekday,10,11.11 teasing'22,teasing
2022-11-03,2022,222252,7442,102067,9004,0.033,3,1,Weekday,11,11.11 teasing'22,teasing
2022-11-04,2022,215471,6953,99961,8523,0.032,4,1,Weekday,100,11.11 teasing'22,teasing
2022-11-05,2022,221837,6792,94345,8198,0.031,5,0,Weekend,101,11.11 teasing'22,teasing
2022-11-06,2022,219547,7418,105717,8865,0.034,6,0,Weekend,110,11.11 teasing'22,teasing
2022-11-07,2022,221324,7260,103003,8708,0.033,0,1,Weekday,0,11.11 teasing'22,teasing
2022-11-08,2022,234435,7659,104538,9303,0.033,1,1,Weekday,1,11.11 teasing'22,teasing
2022-11-09,2022,236802,7286,97452,8675,0.031,2,1,Weekday,10,11.11 teasing'22,teasing
2022-11-10,2022,286385,7069,94011,8520,0.025,3,1,Weekday,11,11.11 teasing'22,teasing
2022-11-19,2022,239027,12621,291512,15856,0.053,5,0,Weekend,101,11.11 d9 '22,mini
2022-11-20,2022,194696,5103,63753,6203,0.026,6,0,Weekend,110,election '22,mini
2022-11-21,2022,188904,5815,74445,6984,0.031,0,1,Weekday,0,election '22,mini
2022-11-22,2022,185054,6719,156799,7986,0.036,1,1,Weekday,1,non campaign,non-campaign
2022-11-23,2022,184424,6890,111555,8190,0.037,2,1,Weekday,10,non campaign,non-campaign
2022-11-24,2022,205357,6460,97763,7723,0.031,3,1,Weekday,11,non campaign,non-campaign
2022-11-25,2022,179823,6170,92301,7365,0.034,4,1,Weekday,100,non campaign,non-campaign
2022-11-26,2022,182449,6237,88352,7511,0.034,5,0,Weekend,101,non campaign,non-campaign
2022-11-27,2022,174093,6299,87419,7574,0.036,6,0,Weekend,110,non campaign,non-campaign
2022-11-28,2022,174651,6104,89994,7314,0.035,0,1,Weekday,0,non campaign,non-campaign
2022-11-29,2022,171847,6930,102133,8364,0.04,1,1,Weekday,1,non campaign,non-campaign
2022-11-30,2022,178569,7125,103317,8430,0.04,2,1,Weekday,10,non campaign,non-campaign
2022-12-01,2022,177592,6314,89149,7700,0.036,3,1,Weekday,11,non campaign,non-campaign
2022-12-02,2022,168013,5867,87492,7067,0.035,4,1,Weekday,100,non campaign,non-campaign
2022-12-03,2022,191379,5961,86436,7137,0.031,5,0,Weekend,101,non campaign,non-campaign
2022-12-04,2022,167801,6478,94829,7779,0.039,6,0,Weekend,110,non campaign,non-campaign
2022-12-19,2022,163885,6491,106093,7864,0.04,0,1,Weekday,0,non campaign,non-campaign
2022-12-20,2022,182430,7220,103105,8626,0.04,1,1,Weekday,1,non campaign,non-campaign
2022-12-21,2022,174577,7566,119246,8910,0.043,2,1,Weekday,10,non campaign,non-campaign
2022-12-22,2022,172469,7081,109037,8528,0.041,3,1,Weekday,11,non campaign,non-campaign
2022-12-23,2022,168012,6367,93532,7742,0.038,4,1,Weekday,100,non campaign,non-campaign
2022-12-24,2022,165536,6473,89585,7788,0.039,5,0,Weekend,101,non campaign,non-campaign
2022-12-25,2022,170216,6677,99676,7939,0.039,6,0,Weekend,110,christmas,mini
2022-12-26,2022,170359,6881,99682,8170,0.04,0,1,Weekday,0,non campaign,non-campaign
2022-12-27,2022,170878,7238,112963,8753,0.042,1,1,Weekday,1,non campaign,non-campaign
2022-12-28,2022,182689,8034,127969,9606,0.044,2,1,Weekday,10,non campaign,non-campaign
2022-12-29,2022,181269,7431,117887,8852,0.041,3,1,Weekday,11,non campaign,non-campaign
2022-12-30,2022,186682,6779,112601,8168,0.036,4,1,Weekday,100,non campaign,non-campaign
2022-12-31,2022,184315,6270,100632,7458,0.034,5,0,Weekend,101,non campaign,non-campaign
2023-01-01,2023,179474,6611,95563,7878,0.037,6,0,Weekend,110,non campaign,non-campaign
2023-01-02,2023,186513,7646,111087,9221,0.041,0,1,Weekday,0,non campaign,non-campaign
2023-01-03,2023,190951,7471,110321,9028,0.039,1,1,Weekday,1,non campaign,non-campaign
2023-01-04,2023,189590,8179,124606,9768,0.043,2,1,Weekday,10,non campaign,non-campaign
2023-01-05,2023,185580,7395,103749,8842,0.04,3,1,Weekday,11,non campaign,non-campaign
2023-01-06,2023,185652,6878,94918,8247,0.037,4,1,Weekday,100,non campaign,non-campaign
2023-01-07,2023,182596,6883,93999,8283,0.038,5,0,Weekend,101,non campaign,non-campaign
2023-01-08,2023,186344,7395,105060,8790,0.04,6,0,Weekend,110,non campaign,non-campaign
2023-01-09,2023,183086,7182,103063,8694,0.039,0,1,Weekday,0,non campaign,non-campaign
2023-01-10,2023,177963,7122,101498,8665,0.04,1,1,Weekday,1,non campaign,non-campaign
2023-01-11,2023,195427,7829,113007,9312,0.04,2,1,Weekday,10,non campaign,non-campaign
2023-01-12,2023,179945,6975,101270,8334,0.039,3,1,Weekday,11,non campaign,non-campaign
2023-01-13,2023,176960,6258,92642,7604,0.035,4,1,Weekday,100,non campaign,non-campaign
2023-01-14,2023,181223,5753,76305,6901,0.032,5,0,Weekend,101,non campaign,non-campaign
2023-01-15,2023,173079,5531,73316,6659,0.032,6,0,Weekend,110,non campaign,non-campaign
2023-01-23,2023,166495,6355,94578,7628,0.038,0,1,Weekday,0,non campaign,non-campaign
2023-01-24,2023,169178,6411,89074,7690,0.038,1,1,Weekday,1,non campaign,non-campaign
2023-01-25,2023,165655,6600,106891,7911,0.04,2,1,Weekday,10,non campaign,non-campaign
2023-01-26,2023,159679,5853,85318,7003,0.037,3,1,Weekday,11,non campaign,non-campaign
2023-01-27,2023,161973,5865,85622,6923,0.036,4,1,Weekday,100,non campaign,non-campaign
2023-01-28,2023,168799,5891,91014,6944,0.035,5,0,Weekend,101,non campaign,non-campaign
2023-01-29,2023,169498,6362,99032,7479,0.038,6,0,Weekend,110,non campaign,non-campaign
2023-01-30,2023,174006,6934,99960,8296,0.04,0,1,Weekday,0,non campaign,non-campaign
2023-01-31,2023,179612,7181,101565,8533,0.04,1,1,Weekday,1,non campaign,non-campaign
2023-02-01,2023,170643,7271,96491,8738,0.043,2,1,Weekday,10,non campaign,non-campaign
2023-02-02,2023,176001,6459,88117,7713,0.037,3,1,Weekday,11,valentines'23 teasing,teasing
2023-02-03,2023,176058,5897,83698,7012,0.033,4,1,Weekday,100,valentines'23 teasing,teasing
2023-02-04,2023,181004,6020,81735,7174,0.033,5,0,Weekend,101,valentines'23 teasing,teasing
2023-02-15,2023,170808,6879,127980,8189,0.04,2,1,Weekday,10,post cp,mini
2023-02-16,2023,170018,6706,97894,8111,0.039,3,1,Weekday,11,post cp,mini
2023-02-17,2023,168194,6310,90251,7566,0.038,4,1,Weekday,100,non campaign,non-campaign
2023-02-18,2023,164044,5909,86381,7044,0.036,5,0,Weekend,101,non campaign,non-campaign
2023-02-19,2023,176311,6606,94284,7840,0.037,6,0,Weekend,110,non campaign,non-campaign
2023-02-20,2023,165083,6581,94309,7858,0.04,0,1,Weekday,0,non campaign,non-campaign
2023-02-21,2023,166843,6741,93542,8048,0.04,1,1,Weekday,1,non campaign,non-campaign
2023-02-22,2023,164821,6652,89806,7983,0.04,2,1,Weekday,10,non campaign,non-campaign
2023-02-23,2023,162536,6835,96305,8154,0.042,3,1,Weekday,11,non campaign,non-campaign
2023-02-24,2023,158702,6086,84136,7288,0.038,4,1,Weekday,100,non campaign,non-campaign
2023-02-25,2023,156638,6474,89994,7718,0.041,5,0,Weekend,101,non campaign,non-campaign
2023-02-26,2023,167793,6781,89271,8137,0.04,6,0,Weekend,110,non campaign,non-campaign
2023-02-27,2023,164589,7101,96060,8673,0.043,0,1,Weekday,0,non campaign,non-campaign
2023-02-28,2023,166740,7367,90017,9183,0.044,1,1,Weekday,1,non campaign,non-campaign
2023-03-01,2023,168686,6756,84584,8088,0.04,2,1,Weekday,10,non campaign,non-campaign
2023-03-02,2023,170306,7202,113555,8651,0.042,3,1,Weekday,11,non campaign,non-campaign
2023-03-03,2023,165270,6365,87395,7602,0.039,4,1,Weekday,100,non campaign,non-campaign
2023-03-04,2023,175652,6028,82278,7194,0.034,5,0,Weekend,101,non campaign,non-campaign
2023-03-05,2023,175136,5806,81217,6868,0.033,6,0,Weekend,110,non campaign,non-campaign
2023-03-06,2023,172081,6264,94095,7537,0.036,0,1,Weekday,0,holi,mini
2023-03-07,2023,170511,6736,106299,8007,0.04,1,1,Weekday,1,holi,mini
2023-03-08,2023,183105,7419,129285,8929,0.041,2,1,Weekday,10,women's day,mini
2023-03-09,2023,170492,6954,104489,8289,0.041,3,1,Weekday,11,aaja ko nari cp,mini
2023-03-10,2023,195345,7116,113901,8471,0.036,4,1,Weekday,100,aaja ko nari cp,mini
2023-03-11,2023,180043,7363,106215,8793,0.041,5,0,Weekend,101,aaja ko nari cp,mini
2023-03-12,2023,183053,7620,114389,9083,0.042,6,0,Weekend,110,aaja ko nari cp,mini
2023-03-13,2023,173441,6402,111899,7631,0.037,0,1,Weekday,0,non campaign,non-campaign
2023-03-14,2023,172098,6744,90818,8076,0.039,1,1,Weekday,1,non campaign,non-campaign
2023-03-15,2023,175151,6988,97382,8201,0.04,2,1,Weekday,10,non campaign,non-campaign
2023-03-16,2023,166844,6506,98833,7799,0.039,3,1,Weekday,11,non campaign,non-campaign
2023-03-17,2023,167661,6348,90155,7665,0.038,4,1,Weekday,100,non campaign,non-campaign
2023-03-18,2023,171420,6281,87562,7558,0.037,5,0,Weekend,101,non campaign,non-campaign
2023-03-19,2023,166693,6626,96557,7858,0.04,6,0,Weekend,110,non campaign,non-campaign
2023-03-20,2023,177923,6977,97936,8373,0.039,0,1,Weekday,0,non campaign,non-campaign
2023-03-21,2023,174021,7166,97068,8585,0.041,1,1,Weekday,1,non campaign,non-campaign
2023-03-22,2023,172071,7222,99788,8790,0.042,2,1,Weekday,10,non campaign,non-campaign
2023-03-23,2023,169342,6855,95347,8290,0.04,3,1,Weekday,11,non campaign,non-campaign
2023-03-24,2023,169296,6469,91340,7848,0.038,4,1,Weekday,100,non campaign,non-campaign
2023-03-25,2023,172803,6420,93854,7734,0.037,5,0,Weekend,101,non campaign,non-campaign
2023-03-26,2023,174254,6855,91360,8330,0.039,6,0,Weekend,110,non campaign,non-campaign
2023-03-27,2023,171242,6880,96179,8308,0.04,0,1,Weekday,0,non campaign,non-campaign
2023-03-28,2023,170859,6925,95796,8260,0.041,1,1,Weekday,1,non campaign,non-campaign
2023-03-29,2023,171872,6885,96576,8361,0.04,2,1,Weekday,10,non campaign,non-campaign
2023-03-30,2023,178407,6780,97804,8171,0.038,3,1,Weekday,11,non campaign,non-campaign
2023-03-31,2023,176441,6322,87920,7657,0.036,4,1,Weekday,100,non campaign,non-campaign
2023-04-01,2023,180348,6144,89120,7435,0.034,5,0,Weekend,101,non campaign,non-campaign
2023-04-02,2023,178103,6407,84226,7656,0.036,6,0,Weekend,110,non campaign,non-campaign
2023-04-03,2023,182811,7066,95963,8547,0.039,0,1,Weekday,0,non campaign,non-campaign
2023-04-04,2023,195857,7197,93646,8642,0.037,1,1,Weekday,1,nny countdown d1,mini
2023-04-05,2023,192973,7427,103965,9050,0.038,2,1,Weekday,10,nny countdown d2,mini
2023-04-06,2023,202323,7202,105878,8675,0.036,3,1,Weekday,11,nny countdown d3,mini
2023-04-07,2023,198811,6917,98053,8339,0.035,4,1,Weekday,100,nny countdown d4,mini
2023-04-08,2023,189405,6290,82417,7553,0.033,5,0,Weekend,101,nny countdown d5,mini
2023-04-09,2023,210417,7024,106891,8400,0.033,6,0,Weekend,110,nny countdown d6,mini
2023-04-10,2023,212148,7042,98064,8419,0.033,0,1,Weekday,0,nny countdown d7,mini
2023-04-23,2023,188508,6724,112668,8036,0.036,6,0,Weekend,110,non campaign,non-campaign
2023-04-24,2023,181255,6879,102680,8269,0.038,0,1,Weekday,0,non campaign,non-campaign
2023-04-25,2023,186454,7162,99015,8470,0.038,1,1,Weekday,1,non campaign,non-campaign
2023-04-26,2023,191139,7509,105164,8920,0.039,2,1,Weekday,10,non campaign,non-campaign
2023-04-27,2023,185557,7332,108737,8676,0.04,3,1,Weekday,11,non campaign,non-campaign
2023-04-28,2023,177651,6589,91473,7896,0.037,4,1,Weekday,100,non campaign,non-campaign
2023-04-29,2023,186246,6702,101925,8124,0.036,5,0,Weekend,101,non campaign,non-campaign
2023-04-30,2023,193114,6953,98529,8302,0.036,6,0,Weekend,110,non campaign,non-campaign
2023-05-01,2023,192394,6665,101555,7972,0.035,0,1,Weekday,0,non campaign,non-campaign
2023-05-02,2023,188754,6657,93841,7955,0.035,1,1,Weekday,1,non campaign,non-campaign
2023-05-03,2023,191486,6821,93374,8128,0.036,2,1,Weekday,10,non campaign,non-campaign
2023-05-04,2023,197392,7018,98649,8415,0.036,3,1,Weekday,11,non campaign,non-campaign
2023-05-05,2023,201508,7103,101667,8472,0.035,4,1,Weekday,100,non campaign,non-campaign
2023-05-06,2023,186783,6454,99441,7652,0.035,5,0,Weekend,101,non campaign,non-campaign
2023-05-07,2023,166425,6405,99653,7596,0.038,6,0,Weekend,110,non campaign,non-campaign
2023-05-08,2023,186993,7205,100229,8519,0.039,0,1,Weekday,0,non campaign,non-campaign
2023-05-09,2023,182417,7255,106479,8600,0.04,1,1,Weekday,1,non campaign,non-campaign
2023-05-10,2023,174030,7363,117103,8764,0.042,2,1,Weekday,10,non campaign,non-campaign
2023-05-11,2023,177780,7152,102375,8471,0.04,3,1,Weekday,11,non campaign,non-campaign
2023-05-12,2023,174385,6801,97188,8129,0.039,4,1,Weekday,100,non campaign,non-campaign
2023-05-13,2023,186551,6979,99806,8400,0.037,5,0,Weekend,101,non campaign,non-campaign
2023-05-14,2023,188016,7396,110024,8808,0.039,6,0,Weekend,110,non campaign,non-campaign
2023-05-15,2023,178424,7610,104819,9071,0.043,0,1,Weekday,0,non campaign,non-campaign
2023-05-16,2023,200933,7699,101386,9121,0.038,1,1,Weekday,1,non campaign,non-campaign
2023-05-17,2023,191116,7561,96242,8956,0.04,2,1,Weekday,10,non campaign,non-campaign
2023-05-18,2023,199767,9563,169821,11551,0.048,3,1,Weekday,11,jestha ko best'23,mini
2023-05-19,2023,189280,7801,125328,9362,0.041,4,1,Weekday,100,jestha ko best'23,mini
2023-05-20,2023,189830,7508,124148,8882,0.04,5,0,Weekend,101,jestha ko best'23,mini
2023-05-21,2023,189324,8017,126573,9536,0.042,6,0,Weekend,110,jestha ko best'23,mini
2023-05-22,2023,196536,8176,121383,9763,0.042,0,1,Weekday,0,jestha ko best'23,mini
2023-05-23,2023,204712,8247,132044,9815,0.04,1,1,Weekday,1,jestha ko best'23,mini
2023-05-24,2023,193269,8163,120415,9623,0.042,2,1,Weekday,10,jestha ko best'23,mini
2023-05-25,2023,194467,7379,98318,8786,0.038,3,1,Weekday,11,non campaign,non-campaign
2023-05-26,2023,180571,6656,87361,7882,0.037,4,1,Weekday,100,non campaign,non-campaign
2023-05-27,2023,187267,6929,94600,8227,0.037,5,0,Weekend,101,non campaign,non-campaign
2023-05-28,2023,181781,6988,97218,8282,0.038,6,0,Weekend,110,non campaign,non-campaign
2023-05-29,2023,196584,7436,101123,8863,0.038,0,1,Weekday,0,non campaign,non-campaign
2023-05-30,2023,184952,7248,100766,8500,0.039,1,1,Weekday,1,non campaign,non-campaign
2023-05-31,2023,191652,7567,106993,9040,0.039,2,1,Weekday,10,non campaign,non-campaign
2023-06-01,2023,192567,7398,110776,8826,0.038,3,1,Weekday,11,non campaign,non-campaign
2023-06-02,2023,190835,7140,113211,8486,0.037,4,1,Weekday,100,non campaign,non-campaign
2023-06-03,2023,191060,6794,106927,8047,0.036,5,0,Weekend,101,non campaign,non-campaign
2023-06-04,2023,186947,7340,108727,8743,0.039,6,0,Weekend,110,non campaign,non-campaign
2023-06-05,2023,209946,7579,109750,9015,0.036,0,1,Weekday,0,non campaign,non-campaign
2023-06-06,2023,203283,7881,112351,9355,0.039,1,1,Weekday,1,non campaign,non-campaign
2023-06-07,2023,200777,7991,113824,9537,0.04,2,1,Weekday,10,non campaign,non-campaign
2023-06-08,2023,203012,7907,110666,9356,0.039,3,1,Weekday,11,non campaign,non-campaign
2023-06-09,2023,196238,7432,112575,8890,0.038,4,1,Weekday,100,non campaign,non-campaign
2023-06-10,2023,195302,7335,109918,8683,0.038,5,0,Weekend,101,non campaign,non-campaign
2023-06-11,2023,205080,7774,114721,9232,0.038,6,0,Weekend,110,non campaign,non-campaign
2023-06-12,2023,202095,8121,115089,9671,0.04,0,1,Weekday,0,non campaign,non-campaign
2023-06-13,2023,198466,8012,118537,9615,0.04,1,1,Weekday,1,non campaign,non-campaign
2023-06-14,2023,196350,7949,109896,9490,0.04,2,1,Weekday,10,non campaign,non-campaign
2023-06-15,2023,188135,7791,111619,9279,0.041,3,1,Weekday,11,non campaign,non-campaign
2023-06-16,2023,189716,7326,105006,8743,0.039,4,1,Weekday,100,non campaign,non-campaign
2023-06-17,2023,189994,6970,97931,8262,0.037,5,0,Weekend,101,non campaign,non-campaign
2023-06-18,2023,183484,7220,107292,8644,0.039,6,0,Weekend,110,non campaign,non-campaign
2023-06-19,2023,201012,7516,105938,8855,0.037,0,1,Weekday,0,pay day teasing,teasing
2023-06-20,2023,192055,7492,104524,8897,0.039,1,1,Weekday,1,pay day teasing,teasing
2023-06-21,2023,195781,7597,97976,9019,0.039,2,1,Weekday,10,pay day teasing,teasing
2023-06-22,2023,209122,11197,206325,13842,0.054,3,1,Weekday,11,pay day live,mini
2023-06-23,2023,205077,9405,141331,11386,0.046,4,1,Weekday,100,pay day live,mini
2023-06-24,2023,198264,9216,138764,11002,0.046,5,0,Weekend,101,pay day live,mini
2023-06-25,2023,194418,9089,135968,10783,0.047,6,0,Weekend,110,pay day live,mini
2023-06-26,2023,196368,7851,107059,9326,0.04,0,1,Weekday,0,non campaign,non-campaign
2023-06-27,2023,194821,8103,114019,9638,0.042,1,1,Weekday,1,non campaign,non-campaign
2023-06-28,2023,190623,8438,110468,10308,0.044,2,1,Weekday,10,non campaign,non-campaign
2023-06-29,2023,205567,8161,105411,9826,0.04,3,1,Weekday,11,non campaign,non-campaign
2023-06-30,2023,193046,7327,100418,8809,0.038,4,1,Weekday,100,non campaign,non-campaign
2023-07-01,2023,193168,7317,96149,8904,0.038,5,0,Weekend,101,non campaign,non-campaign
2023-07-02,2023,191723,7503,103699,8912,0.039,6,0,Weekend,110,non campaign,non-campaign
2023-07-03,2023,194894,8179,116553,9721,0.042,0,1,Weekday,0,non campaign,non-campaign
2023-07-04,2023,198691,8673,115309,10453,0.044,1,1,Weekday,1,non campaign,non-campaign
2023-07-05,2023,192424,8294,109766,10053,0.043,2,1,Weekday,10,non campaign,non-campaign
2023-07-06,2023,164266,7750,108479,9385,0.047,3,1,Weekday,11,non campaign,non-campaign
2023-07-07,2023,198541,7906,109503,9565,0.04,4,1,Weekday,100,non campaign,non-campaign
2023-07-08,2023,201958,7977,109490,9668,0.039,5,0,Weekend,101,non campaign,non-campaign
2023-07-09,2023,198297,8210,111387,9832,0.041,6,0,Weekend,110,non campaign,non-campaign
2023-07-10,2023,198758,8622,119184,10338,0.043,0,1,Weekday,0,non campaign,non-campaign
2023-07-11,2023,204262,8867,121106,10653,0.043,1,1,Weekday,1,non campaign,non-campaign
2023-07-12,2023,198583,8373,117551,10169,0.042,2,1,Weekday,10,non campaign,non-campaign
2023-07-13,2023,207079,8573,116243,10348,0.041,3,1,Weekday,11,mbb teasing,teasing
2023-07-14,2023,192334,7885,107811,9528,0.041,4,1,Weekday,100,mbb teasing,teasing
2023-07-15,2023,201904,7686,105094,9246,0.038,5,0,Weekend,101,mbb teasing,teasing
2023-07-16,2023,199496,7735,100957,9285,0.039,6,0,Weekend,110,mbb teasing,teasing
2023-07-17,2023,206668,8186,110548,9828,0.04,0,1,Weekday,0,mbb teasing,teasing
2023-07-18,2023,211762,8793,112654,10587,0.042,1,1,Weekday,1,mbb teasing,teasing
2023-07-19,2023,207125,8520,116024,10167,0.041,2,1,Weekday,10,mbb teasing,teasing
2023-07-31,2023,209833,8527,124836,10243,0.041,0,1,Weekday,0,non campaign,non-campaign
2023-08-01,2023,211130,8777,121565,10408,0.042,1,1,Weekday,1,non campaign,non-campaign
2023-08-02,2023,214472,9292,125415,11121,0.043,2,1,Weekday,10,non campaign,non-campaign
2023-08-03,2023,208972,8841,117873,10644,0.042,3,1,Weekday,11,non campaign,non-campaign
2023-08-04,2023,208616,7882,112447,9407,0.038,4,1,Weekday,100,non campaign,non-campaign
2023-08-05,2023,208115,7920,104163,9386,0.038,5,0,Weekend,101,non campaign,non-campaign
2023-08-06,2023,207479,8442,112688,9985,0.041,6,0,Weekend,110,non campaign,non-campaign
2023-08-07,2023,215329,8712,116199,10330,0.04,0,1,Weekday,0,non campaign,non-campaign
2023-08-08,2023,219251,9442,136389,11245,0.043,1,1,Weekday,1,non campaign,non-campaign
2023-08-09,2023,210966,8812,118234,10537,0.042,2,1,Weekday,10,non campaign,non-campaign
2023-08-10,2023,212959,8375,104309,9942,0.039,3,1,Weekday,11,non campaign,non-campaign
2023-08-11,2023,209919,8249,116296,9796,0.039,4,1,Weekday,100,non campaign,non-campaign
2023-08-12,2023,213858,8194,118310,9759,0.038,5,0,Weekend,101,non campaign,non-campaign
2023-08-13,2023,217013,8533,118464,10130,0.039,6,0,Weekend,110,non campaign,non-campaign
2023-08-14,2023,207320,8335,115201,9870,0.04,0,1,Weekday,0,non campaign,non-campaign
2023-08-15,2023,208601,9119,125830,10975,0.044,1,1,Weekday,1,non campaign,non-campaign
2023-08-16,2023,209184,8883,111809,10602,0.042,2,1,Weekday,10,non campaign,non-campaign
2023-08-17,2023,208593,8818,118221,10510,0.042,3,1,Weekday,11,non campaign,non-campaign
2023-08-18,2023,208037,8153,106945,9768,0.039,4,1,Weekday,100,non campaign,non-campaign
2023-08-19,2023,210176,8114,103039,9740,0.039,5,0,Weekend,101,non campaign,non-campaign
2023-08-20,2023,209993,8518,110031,10201,0.041,6,0,Weekend,110,non campaign,non-campaign
2023-08-21,2023,212682,8289,106126,9820,0.039,0,1,Weekday,0,pd teasing,teasing
2023-08-22,2023,211964,8399,107246,9974,0.04,1,1,Weekday,1,pd teasing,teasing
